[
    {
        "idTmpDetalle": 1,
        "idConcepto": "1",
        "concepto": "FRONTEND HTML5 BOOSTRAP 5",
        "cantidad": "2",
        "unitario": "350000",
        "sesion": "admin"
    },
    {
        "idTmpDetalle": 2,
        "idConcepto": "1",
        "concepto": "FRONTEND HTML5 BOOSTRAP 5",
        "cantidad": "1",
        "unitario": "350000",
        "sesion": "admin"
    },
    {
        "idTmpDetalle": 3,
        "idConcepto": "1",
        "concepto": "FRONTEND HTML5 BOOSTRAP 5",
        "cantidad": "1",
        "unitario": "350000",
        "sesion": "admin"
    },
    {
        "idTmpDetalle": 4,
        "idConcepto": "2",
        "concepto": "BACKEND PHP 8 MYSQL 8",
        "cantidad": "1",
        "unitario": "550000",
        "sesion": "admin"
    },
    {
        "idTmpDetalle": 5,
        "idConcepto": "3",
        "concepto": "MODELADO DE SOFTWARE POO CON UML",
        "cantidad": "1",
        "unitario": "250000",
        "sesion": "admin"
    },
    {
        "idTmpDetalle": 6,
        "idConcepto": "3",
        "concepto": "MODELADO DE SOFTWARE POO CON UML",
        "cantidad": "1",
        "unitario": "250000",
        "sesion": "admin"
    },
    {
        "idTmpDetalle": 7,
        "idConcepto": "1",
        "concepto": "FRONTEND HTML5 BOOSTRAP 5",
        "cantidad": "1",
        "unitario": "350000",
        "sesion": "admin"
    },
    {
        "idTmpDetalle": 8,
        "idConcepto": "1",
        "concepto": "FRONTEND HTML5 BOOSTRAP 5",
        "cantidad": "1",
        "unitario": "350000",
        "sesion": "admin"
    },
    {
        "idTmpDetalle": 9,
        "idConcepto": "2",
        "concepto": "BACKEND PHP 8 MYSQL 8",
        "cantidad": "1",
        "unitario": "550000",
        "sesion": "admin"
    },
    {
        "idTmpDetalle": 10,
        "idConcepto": "3",
        "concepto": "MODELADO DE SOFTWARE POO CON UML",
        "cantidad": "1",
        "unitario": "250000",
        "sesion": "admin"
    },
    {
        "idTmpDetalle": 11,
        "idConcepto": "1",
        "concepto": "FRONTEND HTML5 BOOSTRAP 5",
        "cantidad": "1",
        "unitario": "350000",
        "sesion": "admin"
    },
    {
        "idTmpDetalle": 12,
        "idConcepto": "2",
        "concepto": "BACKEND PHP 8 MYSQL 8",
        "cantidad": "1",
        "unitario": "550000",
        "sesion": "admin"
    },
    {
        "idTmpDetalle": 13,
        "idConcepto": "2",
        "concepto": "BACKEND PHP 8 MYSQL 8",
        "cantidad": "1",
        "unitario": "550000",
        "sesion": "admin"
    }
]